tag;status_contratual;equipamento;modelo;processador;numero_serie
AST-0001;Ativo;Desktop;ACME OFFICE X1;CPU-OLD 2400;SN00001
AST-0002;Ativo;Desktop;ACME OFFICE X1;CPU-OLD 2400;SN00002
AST-0003;Ativo;Desktop;ACME OFFICE X1;CPU-OLD 2400;SN00003
AST-0004;Ativo;Desktop;GENERICO;CPU-OLD 2400;SN00004
AST-0005;Ativo;Desktop;;CPU-OLD 2400;SN00005
AST-0006;Ativo;Desktop;ACME PRO Z9;CPU-NEW 9100;SN00006
AST-0007;Ativo;Desktop;ACME PRO Z9;CPU-NEW 9100;SN00007
AST-0008;Ativo;Notebook;NOTELINE N200;CPU-MID 5500;SN00008
AST-0009;Ativo;Notebook;NOTELINE N200;CPU-MID 5500;SN00009
AST-0010;Ativo;Notebook;NOTELINE N300;CPU-NEW 9100;SN00010
AST-0011;Ativo;Notebook;NOTELINE N300;CPU-NEW 9100;SN00011
AST-0012;Ativo;Notebook;NOTELINE N300;CPU-NEW 9100;SN00012
AST-0013;Ativo;Computador;ACME PRO Z9;CPU-NEW 9100;SN00013
AST-0014;Ativo;Computador;ACME PRO Z9;CPU-NEW 9100;SN00014
AST-0015;Ativo;Impressora;LASER 100;N/A;SN00015
AST-0016;Inativo;Desktop;ACME OFFICE X1;CPU-OLD 2400;SN00016
AST-0017;Ativo;Notebook;NOTELINE N200;CPU-MID 5500;SN00017
AST-0018;Ativo;Notebook;NOTELINE N200;CPU-MID 5500;SN00018
AST-0019;Ativo;Desktop;ACME OFFICE X1 SFF;CPU-OLD 2400;SN00019
AST-0020;Ativo;Notebook;PROGRAMA-X N100;CPU-MID 5500;SN00020
